ID, CENTER_LATITUDE, CENTER_LONGITUDE, LOWERLEFT_LATITUDE, LOWERLEFT_LONGITUDE, UPPERRIGHT_LATITUDE, UPPERRIGHT_LONGITUDE
"1","50.45351","30.516489","50.45351","30.516489","50.45351","30.516489"
"2","50.45351","30.516489","50.45351","30.516489","50.45351","30.516489"
"3","50.45351","30.516489","50.45351","30.516489","50.45351","30.516489"
"4","50.45351","30.516489","50.45351","30.516489","50.45351","30.516489"
"5","50.45351","30.516489","50.45351","30.516489","50.45351","30.516489"
